[{"pos_x": 118.314, "pos_y": -100.598, "rotation": 0.0, "side": "top", "designator": "J2", "mpn": null, "pack": "PinHeader_1x06_P2.54mm_Vertical", "value": "Conn_01x06", "mount_type": "tht"}, {"pos_x": 83.262, "pos_y": -101.614, "rotation": 180.0, "side": "top", "designator": "MK1", "mpn": null, "pack": "PinHeader_1x02_P2.54mm_Vertical", "value": "Microphone", "mount_type": "tht"}, {"pos_x": 138.9915, "pos_y": -65.8, "rotation": 0.0, "side": "top", "designator": "R5", "mpn": null, "pack": "R_0805_2012Metric", "value": "K10K", "mount_type": "smt"}, {"pos_x": 98.502, "pos_y": -103.392, "rotation": 0.0, "side": "top", "designator": "R14", "mpn": null, "pack": "R_0805_2012Metric", "value": "3.3K", "mount_type": "smt"}, {"pos_x": 127.8155, "pos_y": -67.31, "rotation": 180.0, "side": "top", "designator": "R4", "mpn": null, "pack": "R_0805_2012Metric", "value": "10K", "mount_type": "smt"}, {"pos_x": 126.188, "pos_y": -102.31, "rotation": 90.0, "side": "top", "designator": "C6", "mpn": null, "pack": "C_0805_2012Metric", "value": "100n", "mount_type": "smt"}, {"pos_x": 132.702, "pos_y": -63.132, "rotation": 0.0, "side": "top", "designator": "C10", "mpn": null, "pack": "C_0805_2012Metric", "value": "100n", "mount_type": "smt"}, {"pos_x": 139.142, "pos_y": -58.18, "rotation": 0.0, "side": "top", "designator": "H1", "mpn": null, "pack": "MountingHole_3mm", "value": "MountingHole", "mount_type": "tht"}, {"pos_x": 98.502, "pos_y": -100.344, "rotation": 180.0, "side": "top", "designator": "R13", "mpn": null, "pack": "R_0805_2012Metric", "value": "10K", "mount_type": "smt"}, {"pos_x": 109.322, "pos_y": -93.486, "rotation": 0.0, "side": "top", "designator": "U2", "mpn": null, "pack": "SOT-223-3_TabPin2", "value": "NCP1117-3.3_SOT223", "mount_type": "smt"}, {"pos_x": 107.6835, "pos_y": -84.2635, "rotation": 0.0, "side": "top", "designator": "R8", "mpn": null, "pack": "R_0805_2012Metric", "value": "10K", "mount_type": "smt"}, {"pos_x": 130.304, "pos_y": -99.11, "rotation": 0.0, "side": "top", "designator": "SW2", "mpn": null, "pack": "SW_PUSH_6mm_H7.3mm", "value": "SW_SPST", "mount_type": "tht"}, {"pos_x": 134.366, "pos_y": -108.569125, "rotation": -90.0, "side": "top", "designator": "kibuzzard-6541D5EF", "mpn": null, "pack": "kibuzzard-6541D5EF", "value": "G***", "mount_type": "tht"}, {"pos_x": 94.9472, "pos_y": -112.5094, "rotation": 0.0, "side": "top", "designator": "U3", "mpn": null, "pack": "TSOP18XX", "value": "TSOP1838", "mount_type": "tht"}, {"pos_x": 136.906, "pos_y": -108.966, "rotation": -90.0, "side": "top", "designator": "kibuzzard-6541D612", "mpn": null, "pack": "kibuzzard-6541D612", "value": "G***", "mount_type": "tht"}, {"pos_x": 138.43, "pos_y": -62.484, "rotation": 0.0, "side": "top", "designator": "kibuzzard-6541E326", "mpn": null, "pack": "kibuzzard-6541E326", "value": "G***", "mount_type": "tht"}, {"pos_x": 108.376, "pos_y": -100.598, "rotation": 0.0, "side": "top", "designator": "D1", "mpn": null, "pack": "D_SMA", "value": "SS16", "mount_type": "smt"}, {"pos_x": 137.364, "pos_y": -113.298, "rotation": -90.0, "side": "top", "designator": "J5", "mpn": null, "pack": "PinHeader_1x05_P2.54mm_Vertical", "value": "Conn_01x05_Pin", "mount_type": "tht"}, {"pos_x": 129.286, "pos_y": -108.537375, "rotation": -90.0, "side": "top", "designator": "kibuzzard-6541D591", "mpn": null, "pack": "kibuzzard-6541D591", "value": "G***", "mount_type": "tht"}, {"pos_x": 138.9915, "pos_y": -68.594, "rotation": 0.0, "side": "top", "designator": "R3", "mpn": null, "pack": "R_0805_2012Metric", "value": "10K", "mount_type": "smt"}, {"pos_x": 130.244, "pos_y": -84.876, "rotation": -90.0, "side": "top", "designator": "U1", "mpn": null, "pack": "MODULE_ESP-12S", "value": "ESP-12S", "mount_type": "smt"}, {"pos_x": 82.943, "pos_y": -89.803, "rotation": -90.0, "side": "top", "designator": "J6", "mpn": null, "pack": "Jack_3.5mm_CUI_SJ1-3525N_Horizontal", "value": "AudioJack2_Ground_Switch", "mount_type": "tht"}, {"pos_x": 102.972, "pos_y": -93.674, "rotation": 90.0, "side": "top", "designator": "C1", "mpn": null, "pack": "C_0805_2012Metric", "value": "10u", "mount_type": "smt"}, {"pos_x": 95.624, "pos_y": -90.808, "rotation": 180.0, "side": "top", "designator": "C8", "mpn": null, "pack": "C_0805_2012Metric", "value": "100n", "mount_type": "smt"}, {"pos_x": 120.981, "pos_y": -73.415, "rotation": 90.0, "side": "top", "designator": "C4", "mpn": null, "pack": "C_0805_2012Metric", "value": "10u", "mount_type": "smt"}, {"pos_x": 140.208, "pos_y": -101.6, "rotation": -90.0, "side": "top", "designator": "kibuzzard-6541E704", "mpn": null, "pack": "kibuzzard-6541E704", "value": "G***", "mount_type": "tht"}, {"pos_x": 131.4985, "pos_y": -67.197, "rotation": -90.0, "side": "top", "designator": "Q2", "mpn": null, "pack": "SOT-23", "value": "BSS138", "mount_type": "smt"}, {"pos_x": 84.328, "pos_y": -105.664, "rotation": 0.0, "side": "top", "designator": "kibuzzard-6541E997", "mpn": null, "pack": "kibuzzard-6541E997", "value": "G***", "mount_type": "tht"}, {"pos_x": 129.806, "pos_y": -72.63, "rotation": -90.0, "side": "top", "designator": "R2", "mpn": null, "pack": "R_0805_2012Metric", "value": "10K", "mount_type": "smt"}, {"pos_x": 127.8155, "pos_y": -69.596, "rotation": 180.0, "side": "top", "designator": "R6", "mpn": null, "pack": "R_0805_2012Metric", "value": "K10K", "mount_type": "smt"}, {"pos_x": 103.886, "pos_y": -84.836, "rotation": 90.0, "side": "top", "designator": "Q3", "mpn": null, "pack": "SOT-23", "value": "BSS138", "mount_type": "smt"}, {"pos_x": 84.201, "pos_y": -81.788, "rotation": 0.0, "side": "top", "designator": "kibuzzard-6541E98B", "mpn": null, "pack": "kibuzzard-6541E98B", "value": "G***", "mount_type": "tht"}, {"pos_x": 96.47, "pos_y": -108.726, "rotation": 180.0, "side": "top", "designator": "C11", "mpn": null, "pack": "C_0805_2012Metric", "value": "4.7uF", "mount_type": "smt"}, {"pos_x": 126.746, "pos_y": -108.563569, "rotation": -90.0, "side": "top", "designator": "kibuzzard-6541D5B9", "mpn": null, "pack": "kibuzzard-6541D5B9", "value": "G***", "mount_type": "tht"}, {"pos_x": 82.246, "pos_y": -112.536, "rotation": 0.0, "side": "top", "designator": "H2", "mpn": null, "pack": "MountingHole_3mm", "value": "MountingHole", "mount_type": "tht"}, {"pos_x": 87.326, "pos_y": -103.133, "rotation": 180.0, "side": "top", "designator": "C7", "mpn": null, "pack": "C_0805_2012Metric", "value": "100n", "mount_type": "smt"}, {"pos_x": 135.1815, "pos_y": -67.197, "rotation": 90.0, "side": "top", "designator": "Q1", "mpn": null, "pack": "SOT-23", "value": "BSS138", "mount_type": "smt"}, {"pos_x": 98.502, "pos_y": -106.186, "rotation": 180.0, "side": "top", "designator": "R15", "mpn": null, "pack": "R_0805_2012Metric", "value": "100", "mount_type": "smt"}, {"pos_x": 95.69, "pos_y": -83.988, "rotation": 180.0, "side": "top", "designator": "R9", "mpn": null, "pack": "R_0805_2012Metric", "value": "10K", "mount_type": "smt"}, {"pos_x": 87.326, "pos_y": -100.593, "rotation": 180.0, "side": "top", "designator": "R12", "mpn": null, "pack": "R_0805_2012Metric", "value": "3.3K", "mount_type": "smt"}, {"pos_x": 131.268, "pos_y": -58.814, "rotation": 0.0, "side": "top", "designator": "D2", "mpn": null, "pack": "LED_WS2812B_PLCC4_5.0x5.0mm_P3.2mm", "value": "WS2812B", "mount_type": "smt"}, {"pos_x": 107.6835, "pos_y": -81.802, "rotation": 180.0, "side": "top", "designator": "R7", "mpn": null, "pack": "R_0805_2012Metric", "value": "10K", "mount_type": "smt"}, {"pos_x": 95.69, "pos_y": -94.402, "rotation": 180.0, "side": "top", "designator": "R10", "mpn": null, "pack": "R_0805_2012Metric", "value": "10K", "mount_type": "smt"}, {"pos_x": 95.624, "pos_y": -87.798, "rotation": 180.0, "side": "top", "designator": "C9", "mpn": null, "pack": "C_0805_2012Metric", "value": "100n", "mount_type": "smt"}, {"pos_x": 118.822, "pos_y": -73.354, "rotation": 90.0, "side": "top", "designator": "C3", "mpn": null, "pack": "C_0805_2012Metric", "value": "100n", "mount_type": "smt"}, {"pos_x": 124.447, "pos_y": -60.211, "rotation": 180.0, "side": "top", "designator": "J3", "mpn": null, "pack": "TerminalBlock_Phoenix_MKDS-1,5-4_1x04_P5.00mm_Horizontal", "value": "Screw_Terminal_01x04", "mount_type": "tht"}, {"pos_x": 131.826, "pos_y": -108.5596, "rotation": -90.0, "side": "top", "designator": "kibuzzard-6541D5D1", "mpn": null, "pack": "kibuzzard-6541D5D1", "value": "G***", "mount_type": "tht"}, {"pos_x": 133.616, "pos_y": -72.63, "rotation": -90.0, "side": "top", "designator": "R1", "mpn": null, "pack": "R_0805_2012Metric", "value": "10K", "mount_type": "smt"}, {"pos_x": 87.948, "pos_y": -75.1895, "rotation": 180.0, "side": "top", "designator": "K1", "mpn": null, "pack": "Relay_SPDT_Omron-G5LE-1", "value": "G5LE-1", "mount_type": "tht"}, {"pos_x": 109.51, "pos_y": -88.152, "rotation": 180.0, "side": "top", "designator": "C2", "mpn": null, "pack": "C_0805_2012Metric", "value": "10u", "mount_type": "smt"}, {"pos_x": 106.405, "pos_y": -109.742, "rotation": 0.0, "side": "top", "designator": "J4", "mpn": null, "pack": "TerminalBlock_Phoenix_MKDS-1,5-2_1x02_P5.00mm_Horizontal", "value": "Screw_Terminal_01x02", "mount_type": "tht"}, {"pos_x": 101.804, "pos_y": -56.308, "rotation": -90.0, "side": "top", "designator": "F2", "mpn": null, "pack": "Fuseholder_Clip-5x20mm_Keystone_3512P_Inline_P23.62x7.27mm_D1.02x2.41x1.02x1.57mm_Horizontal", "value": "Fuse", "mount_type": "tht"}, {"pos_x": 109.596323, "pos_y": -76.214, "rotation": 0.0, "side": "top", "designator": "C5", "mpn": null, "pack": "CP_Radial_D10.0mm_P5.00mm", "value": "1000u", "mount_type": "tht"}, {"pos_x": 87.326, "pos_y": -98.053, "rotation": 0.0, "side": "top", "designator": "R11", "mpn": null, "pack": "R_0805_2012Metric", "value": "10K", "mount_type": "smt"}, {"pos_x": 101.55, "pos_y": -108.726, "rotation": 90.0, "side": "top", "designator": "F1", "mpn": null, "pack": "Fuse_0805_2012Metric", "value": "Fuse", "mount_type": "smt"}]